"0","climate_df_temp<- climate_df[,-c(2,3,5)]"
"0","# extract data for plotting from climate_df_temp"
"0","dataframes <- lapply(contiguous_station_df$station_id, function(id) {"
"0","  extract_data(climate_df_temp, id, ""t_daily_avg"", "
"0","               starting_date = ""2024-03-01"",  "
"0","               ending_date = ""2024-03-31"")"
"0","})"
"0",""
"0","combined_data <- bind_rows(dataframes)"
"0",""
"0","avg_temp <- combined_data %>%"
"0","  group_by(station_id, longitude, latitude) %>%"
"0","  summarise(avg_temp_2024_03 = mean(t_daily_avg, na.rm = TRUE))%>%"
"0","  ungroup()"
"2","`summarise()` has grouped output by 'station_id', 'longitude'. You can override using the `.groups` argument."
